date,ETH,LINK,UNI,AAVE,CAKE,AVAX,fear_greed,funding_rate,oi_change
D0000,3000.0,15.0,8.0,90.0,2.0,30.0,50.0,0.0,0.0
D0001,2998.843524,15.34502,7.984273,87.966602,2.012021,29.815224,50.0,0.0,0.0
D0002,3011.865059,15.883627,8.075622,88.251721,1.9885,28.913167,50.0,0.0,0.0
D0003,3042.515808,16.012642,8.362252,88.714337,2.032977,29.651949,50.0,0.0,0.0
D0004,3129.97866,16.553999,8.665864,89.315449,2.10596,29.0538,50.0,0.0,0.0
D0005,2928.459713,16.037542,8.170243,81.898024,1.991609,26.579874,50.0,0.0,0.0
D0006,2942.61788,16.484816,8.24801,82.311742,2.01507,27.046249,50.0,0.0,0.0
D0007,2894.067221,16.572716,8.063173,83.69295,1.946946,25.904575,50.0,0.0,0.0
D0008,2977.913959,17.383418,8.573525,86.998416,1.980587,26.082995,50.0,0.0,0.0
D0009,3049.864764,18.006902,8.636878,88.894967,2.027637,28.606104,50.0,0.0,0.0
D0010,3070.564193,17.922843,8.879535,89.291785,2.05479,29.805081,50.0,0.0341,17.1
D0011,2938.184762,17.126397,8.661973,88.465783,2.065062,29.446864,50.0,0.0203,10.2
D0012,3024.134381,17.785307,8.820315,88.335226,2.128918,30.112887,50.0,0.0334,16.7
D0013,3218.267622,18.213583,9.348084,91.534242,2.188738,30.099072,50.0,0.0444,22.2
D0014,3270.320301,18.622328,9.191887,94.236295,2.252229,29.653712,50.0,0.0383,19.1
D0015,3345.537947,17.853035,9.04018,95.248564,2.210517,29.055229,50.0,0.0726,36.3
D0016,3380.380201,17.343476,9.098507,94.572192,2.286998,29.515727,50.0,0.0671,33.6
D0017,3480.491113,18.173724,9.556288,94.319083,2.386596,31.119213,50.0,0.08,50.0
D0018,3606.165401,18.656339,9.879191,99.38261,2.507884,34.263952,50.0,0.08,50.0
D0019,3476.478598,18.262159,9.860532,100.072277,2.557725,33.914356,50.0,0.08,42.1
D0020,3446.792496,18.140457,9.591179,100.180464,2.516489,33.930401,95.0,0.068,34.0
D0021,3567.908487,19.964691,10.055811,104.072431,2.638042,36.609605,95.0,0.08,50.0
D0022,3669.227867,19.82221,9.944461,106.046995,2.688968,36.231248,95.0,0.08,50.0
D0023,3683.94831,20.651821,10.260212,107.250788,2.807127,37.095492,95.0,0.08,50.0
D0024,3677.980391,20.03613,10.252758,108.217604,2.75076,37.075467,95.0,0.08,45.8
D0025,3571.442766,20.563575,10.542833,111.589155,2.936002,37.260147,95.0,0.08,50.0
D0026,3770.115309,21.477774,11.027618,117.705817,3.093732,39.599766,95.0,0.08,50.0
D0027,3617.024115,21.631695,10.607711,115.739774,3.193096,36.854214,95.0,0.08,50.0
D0028,3555.892054,21.422148,10.406588,111.00596,2.974603,35.296468,95.0,0.0527,26.3
D0029,3534.839593,22.152939,11.064191,119.070712,3.13462,36.813482,95.0,0.08,43.1
D0030,3466.05293,21.947604,10.767712,114.110585,2.955165,35.094911,95.0,0.0697,34.9
D0031,3257.186681,21.237254,10.67263,115.044434,2.910167,35.396837,95.0,0.0222,11.1
D0032,3206.312174,22.121657,10.69003,114.377409,3.045454,35.220832,95.0,0.0263,13.1
D0033,3247.715445,24.107597,11.196993,114.719088,3.101713,36.358223,95.0,0.0317,15.8
D0034,3181.34369,23.312176,11.286083,115.460975,3.152101,36.361785,95.0,0.0344,17.2
D0035,3136.615967,23.011913,10.898264,111.258621,2.982866,36.997948,95.0,0.0057,2.8
D0036,3112.784742,22.657135,10.481947,110.873894,2.979502,36.671277,95.0,-0.032,-16.0
D0037,3178.548051,22.417319,10.320799,109.08414,2.951186,34.867552,89.7,-0.029,-14.5
D0038,3290.429772,23.105485,10.514191,108.258776,2.996593,33.755714,76.6,-0.0026,-1.3
D0039,3280.373707,24.789146,10.797648,107.108092,3.083306,33.760026,86.9,-0.0149,-7.5
D0040,3318.285354,23.407362,10.731499,109.529974,3.190903,35.863318,93.4,0.0104,5.2
D0041,3498.846676,23.20108,11.270669,112.575985,3.214914,39.698716,85.6,0.0429,21.5
D0042,3578.136992,23.176049,11.278558,111.583469,3.294073,38.797069,84.5,0.0367,18.4
D0043,3563.691401,23.624208,11.711208,114.310843,3.450656,39.394033,83.8,0.0302,15.1
D0044,3563.241378,23.098248,11.636547,113.411026,3.535588,38.569673,85.1,0.0296,14.8
D0045,3651.553232,23.397304,11.943232,114.711269,3.643475,39.954849,85.5,0.0604,30.2
D0046,3597.676916,22.938232,11.676003,115.31591,3.613095,41.93645,66.8,0.067,33.5
D0047,3677.625524,24.054413,12.397215,119.705751,3.833112,44.712977,90.8,0.08,50.0
D0048,3610.15515,25.208405,12.180555,116.438223,3.748675,45.752038,95.0,0.08,50.0
D0049,3624.264243,25.496815,12.36674,114.865425,3.801979,44.18007,87.2,0.08,43.4
D0050,3665.47923,25.39345,12.270197,117.008927,3.796452,42.781242,95.0,0.0791,39.6
D0051,3494.51665,25.410405,12.208701,115.140857,3.836775,43.149637,95.0,0.0519,25.9
D0052,3511.594505,24.022158,11.933253,112.07158,3.772717,43.044536,90.1,0.0362,18.1
D0053,3544.395933,23.946083,11.95712,115.515409,3.885639,45.177195,84.6,0.033,16.5
D0054,3503.615655,23.582887,11.806598,111.132755,3.89179,45.519625,82.3,0.0295,14.8
D0055,3578.481119,24.324499,12.527136,120.985678,4.012728,47.602099,95.0,0.0427,21.4
D0056,3359.150223,22.588873,11.94977,112.044327,3.742011,44.576533,87.7,0.0033,1.6
D0057,3494.983336,22.369076,11.904394,113.016916,3.775524,47.338832,95.0,-0.0165,-8.2
D0058,3483.876667,22.170131,11.964116,112.966359,3.746594,48.949895,95.0,-0.0135,-6.7
D0059,3474.06523,23.025045,11.836098,111.364416,3.640375,49.61567,87.5,-0.0145,-7.2
D0060,3329.954454,23.545229,11.541131,109.555924,3.69043,47.215514,79.7,-0.0208,-10.4
D0061,3279.794939,24.576065,11.852872,106.796199,3.611431,48.518402,70.0,-0.0132,-6.6
D0062,3216.729254,24.450307,11.43846,103.687584,3.442873,49.19651,62.2,-0.0125,-6.3
D0063,3169.714303,24.369674,11.37894,103.184938,3.369886,50.066066,52.6,-0.0267,-13.4
D0064,3315.403511,25.941008,12.036798,108.014524,3.536201,53.251179,72.1,0.0113,5.7
D0065,3336.31017,24.654321,11.983478,108.183625,3.600561,53.852729,63.0,-0.0172,-8.6
D0066,3351.791391,24.29274,12.154555,108.960025,3.749559,54.945604,68.4,0.0311,15.5
D0067,3468.095836,25.529079,12.289276,110.687477,3.794436,53.278163,56.4,0.0292,14.6
D0068,3530.135325,25.702917,12.942261,110.76455,3.949498,54.610304,65.3,0.0431,21.5
D0069,3567.399774,25.288194,13.029647,111.050097,3.943528,52.032659,62.0,0.0378,18.9
D0070,3733.16244,25.43205,14.119869,119.995987,4.170083,52.541913,78.3,0.0764,38.2
D0071,3623.919445,25.014439,14.194937,116.039228,4.272035,54.236303,80.6,0.0721,36.1
D0072,3532.07733,23.633033,13.538824,106.759392,4.069564,55.9072,75.4,0.0614,30.7
D0073,3374.388233,23.579832,13.146922,107.232965,3.977042,54.136503,61.4,0.0503,25.1
D0074,3345.361417,24.232167,13.287385,108.844305,4.059926,54.273018,68.9,0.0236,11.8
D0075,3321.914234,25.871245,13.730847,111.551349,4.390214,55.332531,67.5,0.0515,25.7
D0076,3327.419819,26.955619,14.305022,114.671877,4.475388,57.532717,95.0,0.0622,31.1
D0077,3363.35644,26.837299,14.451884,116.498219,4.508011,58.260654,95.0,0.0587,29.4
D0078,3362.903583,26.355331,14.368552,116.696868,4.497685,59.356719,95.0,0.0418,20.9
D0079,3283.676996,25.959646,13.446238,112.448515,4.408041,57.0905,85.2,0.0266,13.3
D0080,3306.836655,26.566191,13.577309,113.665065,4.384713,56.969606,92.6,0.0031,1.5
D0081,3394.561356,27.116904,14.206085,115.961634,4.614341,57.305021,95.0,0.0205,10.3
D0082,3345.977063,26.81699,14.171845,113.213005,4.562627,54.64329,95.0,0.0318,15.9
D0083,3477.610204,27.923363,14.638237,117.548949,4.81453,56.477138,95.0,0.0722,36.1
D0084,3513.202101,27.57745,14.289126,116.341928,4.618734,58.113746,94.1,0.0569,28.4
D0085,3526.032944,27.508154,14.632311,115.04484,4.760112,60.711678,95.0,0.0423,21.2
D0086,3531.454267,27.740154,14.753863,114.154122,4.662017,59.750215,95.0,0.02,10.0
D0087,3539.837923,27.135166,14.986921,113.811212,4.82608,57.86928,90.3,0.0154,7.7
D0088,3397.20376,26.941101,13.95889,105.370855,4.600583,55.93466,65.9,-0.0111,-5.6
D0089,3441.336221,26.317138,14.286358,108.759915,4.671799,54.368016,70.3,0.011,5.5
D0090,3507.362045,27.168275,14.910164,112.11342,4.781759,57.140735,66.6,0.0278,13.9
D0091,3716.233085,27.800214,16.881808,118.347169,5.124293,59.058371,87.7,0.0486,24.3
D0092,3758.410799,29.258975,17.887015,123.638594,5.284318,60.289296,95.0,0.08,42.7
D0093,3707.313853,29.755565,17.542284,119.832701,5.186324,62.435245,95.0,0.0558,27.9
D0094,3714.296913,28.46749,17.662826,122.634934,5.175121,66.383011,95.0,0.068,34.0
D0095,3755.022405,27.850959,17.205114,120.880512,5.148097,66.957693,95.0,0.0506,25.3
D0096,3779.040163,27.476655,16.473754,118.401874,4.966564,68.570377,85.1,0.0444,22.2
D0097,3903.996157,28.521815,17.904762,129.091702,5.320015,71.69799,95.0,0.08,41.7
D0098,4059.776539,30.289133,19.125944,134.481572,5.625753,73.199601,95.0,0.08,50.0
D0099,4109.65385,30.166322,19.263552,136.710422,5.851073,71.876469,95.0,0.08,50.0
D0100,4225.906012,32.956497,19.172711,142.391104,5.814519,74.451967,95.0,0.08,50.0
D0101,3990.385826,31.101865,19.224725,144.057665,5.786479,74.048489,95.0,0.08,46.7
D0102,3852.856165,30.612088,18.83786,143.137212,5.545638,71.705096,95.0,0.0507,25.3
D0103,3870.267525,29.377825,19.004686,141.602636,5.469813,68.73861,95.0,0.0423,21.2
D0104,4057.630614,30.595039,19.145555,143.77217,5.732318,69.350903,95.0,0.055,27.5
D0105,3974.480471,29.03089,18.596493,139.444887,5.323768,69.016423,95.0,0.0362,18.1
D0106,3845.58912,27.246624,18.94626,136.34983,5.264974,69.322406,94.8,0.0368,18.4
D0107,3850.556515,27.019354,18.885178,134.502638,5.43375,65.732636,92.2,-0.0039,-1.9
D0108,3946.250599,27.81737,18.953048,131.869072,5.320043,62.037547,95.0,-0.0373,-18.7
D0109,4080.401509,29.887913,20.198735,140.724819,5.464599,63.469276,95.0,-0.0162,-8.1
D0110,4185.019197,29.28512,20.535735,147.400237,5.615701,65.740655,95.0,-0.0195,-9.8
D0111,4338.140975,29.523464,21.207593,147.551166,5.75713,67.835164,95.0,0.0036,1.8
D0112,4239.689008,28.436846,21.207265,151.905291,5.786147,68.917303,88.3,0.0195,9.8
D0113,4106.927517,27.60375,21.224117,150.11142,5.866438,67.695479,86.5,0.0244,12.2
D0114,4061.201743,26.363144,21.977911,153.441272,5.731806,67.82805,82.9,0.0062,3.1
D0115,3993.38948,25.790696,22.039721,153.569602,5.752903,64.627256,81.8,0.0221,11.1
D0116,3821.37437,24.084926,20.998315,146.062646,5.394401,64.356182,70.9,0.0023,1.1
D0117,3802.981955,25.338126,21.057879,146.967233,5.14015,63.355908,49.4,0.0028,1.4
D0118,3680.523833,23.642167,20.089522,137.096933,4.907064,57.567305,16.7,-0.0267,-13.4
D0119,3713.327639,23.531086,20.75682,136.814633,4.887268,52.753006,11.8,-0.04,-28.5
D0120,3782.805476,25.589622,22.08428,142.978312,4.992763,55.835351,17.9,-0.04,-21.0
D0121,3823.859745,23.709011,21.743042,140.594529,5.055486,55.870985,18.8,-0.04,-30.8
D0122,3688.095038,22.91866,20.848163,128.864595,4.733746,55.140578,13.1,-0.04,-43.0
D0123,3792.672635,24.646348,22.771036,139.529248,5.118845,58.753401,39.5,-0.04,-21.2
D0124,3816.921377,24.055594,22.044387,134.00319,4.918563,58.400301,23.7,-0.04,-27.5
D0125,3772.995484,23.539714,21.377457,133.131723,4.986494,56.276571,30.2,-0.04,-28.6
D0126,3702.933697,23.826694,22.18168,140.776792,5.245842,58.966568,45.3,-0.0111,-5.6
D0127,3716.959218,23.445086,22.363368,141.916682,5.322892,58.848056,48.6,-0.0054,-2.7
D0128,3904.546086,24.582075,23.304332,148.763918,5.596492,59.22884,64.9,0.0572,28.6
D0129,4161.74972,25.501494,24.780566,158.167709,5.932004,62.392224,68.2,0.08,50.0
D0130,4302.159173,25.691051,24.812168,160.286614,5.950274,63.087057,64.2,0.0737,36.8
D0131,4313.651211,24.914357,24.627148,155.71971,5.986291,64.739311,55.3,0.0798,39.9
D0132,4389.580048,23.747875,24.503564,157.074109,6.094968,65.337695,56.0,0.08,50.0
D0133,4285.288848,22.542229,24.186331,153.891951,6.112449,65.470652,54.6,0.0549,27.4
D0134,4302.345254,22.428691,24.326235,164.676283,6.169793,66.503615,60.4,0.08,41.0
D0135,4245.46527,21.098676,23.797606,160.150558,6.113183,64.931474,56.5,0.0766,38.3
D0136,4161.686377,21.454622,23.446433,159.329878,5.909727,65.520795,68.4,0.0464,23.2
D0137,4171.409846,21.250209,23.532297,158.501562,6.054222,67.085723,73.4,0.0496,24.8
D0138,4147.893037,21.187818,23.528782,160.013415,5.982149,70.546312,95.0,0.0282,14.1
D0139,4131.368612,19.660827,22.829637,155.708411,5.807487,70.228859,90.1,-0.0218,-10.9
D0140,4229.128808,20.297615,22.17945,156.895725,5.571087,68.239437,68.2,-0.0352,-17.6
D0141,4420.919787,20.38692,22.505935,158.845459,5.845073,69.326923,81.1,-0.019,-9.5
D0142,4414.676128,19.960459,22.743055,160.858117,6.005771,67.614276,95.0,-0.0179,-9.0
D0143,4381.603034,19.74214,22.697955,158.937244,5.907597,68.159714,71.2,-0.0138,-6.9
D0144,4322.492959,18.573827,22.618002,158.239729,5.937613,69.165287,78.1,-0.0258,-12.9
D0145,4263.118979,17.96411,22.092693,157.033994,5.866984,67.920772,77.5,-0.0222,-11.1
D0146,4180.866795,17.182261,21.851178,155.13217,5.700181,68.804448,60.6,-0.0246,-12.3
D0147,4280.283523,17.895729,22.436838,161.269882,6.031619,70.665476,71.4,-0.0087,-4.4
D0148,4311.188445,17.575699,23.350079,161.740151,6.393378,73.592005,68.1,0.0055,2.7
D0149,4482.680048,17.250861,23.198946,161.990153,6.435771,72.06849,49.4,0.0215,10.7
D0150,4450.977606,18.237339,22.972102,160.625088,6.553236,72.247891,48.4,0.0341,17.1
D0151,4425.404163,18.165468,22.935038,163.174648,6.557456,74.966263,52.1,0.0237,11.8
D0152,4569.116726,18.947389,23.952479,167.131728,6.747053,72.252254,58.3,0.0345,17.3
D0153,4649.363345,19.482209,23.582465,165.311535,6.740725,71.989056,62.4,0.038,19.0
D0154,4689.764516,18.678644,22.72427,166.351899,6.557592,71.428905,51.4,0.0296,14.8
D0155,4544.256708,17.914303,21.997622,159.900692,6.21261,71.093629,47.9,0.0189,9.5
D0156,4632.948756,19.038523,23.427517,167.422564,6.657981,75.263534,69.8,0.0644,32.2
D0157,4639.589085,19.500932,23.16331,168.05811,6.860717,75.620591,69.7,0.0464,23.2
D0158,4668.717734,20.454524,23.29922,169.122894,7.095237,79.881244,76.5,0.0438,21.9
D0159,4556.147796,20.123728,23.293315,171.873817,6.942971,79.766464,83.1,0.0392,19.6
D0160,4607.146367,21.091251,23.707711,179.594457,7.189814,77.790238,95.0,0.0482,24.1
D0161,4635.971405,20.945774,24.048433,178.823887,7.542406,76.289571,90.6,0.0505,25.2
D0162,4644.338838,21.179038,24.663648,178.571004,7.418398,77.456308,91.1,0.0402,20.1
D0163,4633.402011,22.485471,25.40965,178.568486,7.690428,75.927327,95.0,0.0527,26.3
D0164,4556.332044,21.784318,24.669717,176.997282,7.576029,76.909556,95.0,0.0554,27.7
D0165,4682.929488,22.824755,26.003416,184.188674,7.990032,81.590873,95.0,0.08,50.0
D0166,4877.274685,23.672971,26.301254,184.455655,8.024133,85.015856,95.0,0.08,43.5
D0167,5000.305812,23.879845,26.153676,186.941255,8.054617,85.417415,95.0,0.08,42.5
D0168,4944.982481,22.785929,25.556235,184.619076,8.026586,81.658431,95.0,0.0529,26.4
D0169,5258.304159,22.532651,25.456252,186.490481,7.965664,85.02524,95.0,0.0658,32.9
D0170,5487.767118,23.278509,26.627457,198.697882,8.476516,86.681602,95.0,0.08,41.7
D0171,5730.176702,23.807518,28.203881,207.542809,9.056354,89.389246,95.0,0.08,50.0
D0172,5519.575025,23.429345,27.042521,200.424578,8.865548,86.296806,95.0,0.08,41.9
D0173,5559.41549,23.836725,29.135833,208.202979,9.159643,83.607544,95.0,0.08,44.9
D0174,5717.970169,23.302809,30.346777,217.296131,9.393041,85.148116,95.0,0.08,50.0
D0175,5887.035506,23.047217,31.084243,218.998194,9.7611,88.266257,95.0,0.08,50.0
D0176,5736.953811,23.710198,31.07514,220.865328,10.02386,86.519224,95.0,0.08,45.6
D0177,5903.050632,24.915031,31.645038,230.701367,10.420545,92.039123,95.0,0.08,50.0
D0178,5943.293772,24.875555,30.956299,229.069722,10.615103,91.799391,95.0,0.08,50.0
D0179,5668.290524,22.907922,30.720799,228.110855,10.57027,87.977868,95.0,0.08,50.0
D0180,5699.138094,21.838774,30.193601,225.58496,10.0791,86.749558,95.0,0.0569,28.5
D0181,5660.336308,22.592497,30.959825,230.711211,10.821514,90.509963,95.0,0.0505,25.3
D0182,5660.172997,22.401322,31.636534,230.206958,10.104,88.516258,95.0,0.058,29.0
D0183,5603.632746,21.688688,30.639574,231.524546,10.053495,85.693613,95.0,0.0299,14.9
D0184,5832.846696,21.472933,31.939202,236.316394,10.580437,86.981886,95.0,0.0342,17.1
D0185,5406.754269,20.27824,30.290561,223.385626,9.738694,79.975687,89.5,-0.0232,-11.6
D0186,5465.153617,20.408069,29.516637,223.667246,9.312998,80.479538,77.2,-0.0349,-17.5
D0187,5533.400409,20.016379,29.991778,224.537449,9.755758,79.837052,80.6,-0.04,-23.8
D0188,5581.813353,21.551213,30.867937,226.815461,10.360355,85.140996,95.0,-0.0237,-11.8
D0189,5771.856153,22.154747,30.681353,230.101876,10.170669,84.255747,95.0,-0.0107,-5.4
D0190,5554.17714,22.527893,28.73245,217.56643,9.47116,84.842776,67.6,-0.0219,-11.0
D0191,5568.737898,21.858768,28.644377,222.761192,9.572849,87.255245,54.3,-0.0391,-19.6
D0192,5192.049941,21.742554,26.702863,210.117943,9.083012,79.067339,44.3,-0.04,-31.3
D0193,5426.515721,22.832767,27.427457,211.744299,9.237499,81.775025,44.1,-0.039,-19.5
D0194,5321.884186,20.973137,26.53209,199.156959,8.795769,75.558341,20.5,-0.04,-42.3
D0195,5506.246476,22.18218,27.648827,204.277603,8.812706,79.791773,22.2,-0.0301,-15.1
D0196,5460.463469,21.90285,27.418045,197.899126,8.250955,77.152432,11.7,-0.0393,-19.6
D0197,5642.872292,21.949921,26.985704,200.347532,8.131398,81.795092,5.0,-0.04,-21.7
D0198,5808.383024,23.770879,26.054079,202.068307,8.169986,83.1576,5.8,-0.04,-30.8
D0199,5801.950131,25.101325,26.050639,211.953682,8.563596,81.285515,18.0,-0.04,-25.0
D0200,5776.155227,25.111319,26.480283,220.393847,8.664729,81.672111,29.0,-0.0182,-9.1
D0201,5774.471712,24.561851,26.317835,219.992044,8.547187,81.32857,15.4,-0.0275,-13.8
D0202,5749.207825,24.121324,26.288324,218.327986,8.479314,84.053954,21.1,0.0093,4.6
D0203,5549.61143,25.19539,24.809963,212.825385,8.170076,79.828984,16.2,-0.0261,-13.0
D0204,5502.79472,25.844258,25.336179,220.162363,8.21038,84.342374,13.1,0.018,9.0
D0205,5557.709185,25.79848,24.417924,218.172721,7.95201,86.970041,30.5,-0.0068,-3.4
D0206,5641.500416,26.252796,24.34664,223.89206,8.056144,92.478784,41.9,0.0257,12.9
D0207,5643.222904,26.376285,25.02971,225.760316,8.106446,93.67425,40.4,0.0273,13.7
D0208,5773.301734,26.15264,25.438101,226.615148,8.128804,94.71366,30.0,0.0267,13.4
D0209,5494.201854,24.266495,23.566447,215.267947,7.471115,93.171811,12.8,-0.0215,-10.8
D0210,5426.021039,24.807765,22.872043,209.940818,7.267884,92.7826,20.8,-0.0377,-18.9
D0211,5211.47069,26.128008,21.943214,200.960748,7.114555,89.201135,11.0,-0.04,-23.9
D0212,5407.218475,25.935967,22.098998,204.573255,7.089415,90.182116,31.8,-0.04,-21.4
D0213,5388.879913,26.582312,22.415002,207.946249,7.214334,95.155131,30.6,-0.0107,-5.4
D0214,5579.719762,27.073438,23.810619,228.552786,7.5818,98.236942,62.9,0.0059,3.0
D0215,5439.883868,27.746602,24.576694,230.909824,7.737312,92.931569,53.2,0.0129,6.5
D0216,5202.1792,28.183453,24.728258,225.206824,7.548176,91.134974,58.5,-0.0094,-4.7
D0217,5080.813026,27.125557,24.562993,221.129347,7.446219,89.869421,50.3,-0.0257,-12.8
D0218,5228.927448,27.653495,25.264002,228.476976,7.368759,93.765302,54.3,-0.0179,-8.9
D0219,5435.902881,28.689716,26.404361,238.60245,7.578663,101.787543,62.8,0.0472,23.6
D0220,5467.382439,29.936078,25.740511,237.388978,7.471631,95.476515,53.5,0.0472,23.6
D0221,5338.005187,29.037152,24.90928,234.346516,7.278582,101.472206,53.4,0.0588,29.4
D0222,5375.85619,30.336702,24.992218,239.433624,7.557463,99.234923,58.0,0.0622,31.1
D0223,5349.925944,29.649447,25.924325,240.920508,7.868594,98.06397,73.2,0.0551,27.6
D0224,5332.003034,28.862664,25.903968,244.314023,7.853181,98.363457,65.4,0.0227,11.3
D0225,5097.974337,27.011006,24.028303,227.523567,7.395596,98.153865,51.6,-0.0098,-4.9
D0226,5067.989918,26.521337,23.209968,218.823511,7.147211,95.207214,35.5,-0.018,-9.0
D0227,4691.327603,26.300059,22.158876,204.055551,6.824875,97.905939,22.3,-0.0274,-13.7
D0228,4684.588806,25.862037,21.916253,203.585936,6.812132,90.207691,13.6,-0.04,-26.0
D0229,4794.094037,26.005681,23.231225,201.430172,6.805226,93.683554,37.1,-0.04,-33.1
D0230,5199.65149,26.902678,24.905689,211.748457,7.454452,104.258489,66.9,-0.0143,-7.2
D0231,5050.477062,26.376624,26.195278,214.725921,7.549073,103.653403,78.8,-0.0045,-2.2
D0232,5051.119387,26.961301,27.011123,224.05914,7.761714,101.372283,81.5,-0.0028,-1.4
D0233,5196.646714,25.770133,27.207881,220.172599,7.932772,104.308376,76.5,-0.005,-2.5
D0234,5211.315712,26.567391,27.65472,226.269458,8.080847,97.610096,60.4,-0.0031,-1.5
D0235,5317.483607,26.466665,27.90646,227.684413,8.259069,98.657648,63.9,0.0364,18.2
D0236,5355.292523,25.229504,27.523719,226.9547,8.270161,95.701849,64.7,0.047,23.5
D0237,5359.901477,25.370418,27.15353,219.392968,7.996568,96.861768,66.0,0.0601,30.1
D0238,5218.313668,24.305547,26.561978,220.260765,7.852763,93.783501,51.7,0.0604,30.2
D0239,5194.795921,24.020208,26.360821,216.590101,7.461933,90.964271,29.9,0.0319,16.0
D0240,5226.598377,24.406834,27.227747,226.492246,7.806995,94.296885,45.1,0.0052,2.6
D0241,5187.959048,24.703468,27.741015,228.425644,7.915888,91.396449,48.7,0.002,1.0
D0242,5056.410218,22.996697,27.623248,225.599895,8.188289,92.224225,43.5,-0.0094,-4.7
D0243,5135.367406,23.241409,27.371798,231.424942,8.335664,85.815363,38.7,-0.0164,-8.2
D0244,5183.873821,22.981704,27.429365,221.318556,8.002382,87.752285,35.1,-0.025,-12.5
D0245,5090.125991,22.220549,27.007797,219.933901,7.582626,86.118479,43.2,-0.04,-23.2
D0246,5190.826386,22.428029,26.961084,217.745509,7.388222,85.633568,50.5,-0.04,-21.3
D0247,5180.384278,24.12038,27.389731,219.826368,7.566545,83.61173,65.8,-0.0278,-13.9
D0248,5288.384174,24.419814,27.094938,217.181145,7.291008,82.192107,69.1,-0.0224,-11.2
D0249,5421.004999,25.778205,28.634919,234.174839,7.819595,86.592494,82.1,0.0268,13.4
D0250,5386.789889,24.9663,28.563215,234.897944,7.890143,88.134341,56.5,0.0069,3.4
D0251,5524.246164,26.271069,30.73851,247.766506,8.460265,86.447371,69.0,0.0334,16.7
D0252,5200.952941,26.003293,30.706339,240.470697,8.300094,83.204903,55.7,0.0204,10.2
D0253,5061.263059,26.752696,29.722942,240.916954,8.197522,86.411587,51.9,0.0206,10.3
D0254,4940.469755,26.582644,29.488957,239.914564,8.207298,90.119104,52.0,0.03,15.0
D0255,4850.180161,25.566836,27.964911,225.851303,7.760902,91.773008,36.7,0.0232,11.6
D0256,4770.556804,25.911062,26.489822,210.672833,7.085071,89.538891,26.0,-0.0026,-1.3
D0257,4873.895552,25.449962,26.695913,210.620956,7.226957,87.421094,30.4,-0.0093,-4.7
D0258,4956.939034,27.253092,26.668719,213.761665,7.281533,90.208566,43.0,0.0096,4.8
D0259,4826.008477,27.000282,27.601274,219.182092,7.0371,90.63796,50.7,-0.0243,-12.2
D0260,4866.907937,28.453999,28.456598,227.14901,7.234471,99.928373,54.2,0.0009,0.5
D0261,4626.365315,27.0746,25.611002,214.219062,6.449546,93.202807,28.0,-0.04,-35.4
D0262,4589.572647,24.247113,24.205153,202.211108,6.258639,94.499128,17.7,-0.04,-39.1
D0263,4524.086159,25.116036,24.888094,210.713492,6.600693,97.568289,28.5,-0.04,-29.5
D0264,4708.417488,25.681808,25.420926,222.995622,6.944351,108.384149,49.0,-0.0304,-15.2
D0265,4844.053915,27.871596,26.647973,231.545012,7.223853,114.546338,73.4,0.02,10.0
D0266,5194.357516,29.629515,28.169044,255.111826,7.937349,121.845824,95.0,0.08,50.0
D0267,4948.221331,27.460722,25.899591,234.704304,7.28293,118.36903,73.2,0.0536,26.8
D0268,4893.004722,28.03045,25.346117,235.959267,7.338998,118.582229,77.4,0.0412,20.6
D0269,4539.228086,24.91169,23.166225,214.620108,6.564143,114.585572,31.6,-0.0105,-5.3
D0270,4555.172108,25.490967,22.433285,215.334989,6.298403,110.99387,25.6,-0.04,-23.3
D0271,4780.983901,26.780588,24.149396,221.862093,6.623976,115.951838,26.7,0.0307,15.3
D0272,5294.729096,29.021501,27.941306,249.797378,7.35,135.946535,74.1,0.08,50.0
D0273,4825.841496,25.230507,24.925098,222.947295,6.482478,130.483793,43.0,0.0508,25.4
D0274,4297.208244,23.470093,23.09564,208.964436,5.768493,111.720092,10.9,-0.04,-22.6
D0275,4175.446917,24.083646,22.859251,214.202187,5.890484,111.213511,22.9,-0.04,-34.3
D0276,4094.339439,25.998758,22.151906,210.879723,5.89276,108.499822,35.1,-0.04,-50.0
D0277,4000.290401,25.168033,20.724567,191.501201,5.511852,103.885099,17.5,-0.04,-50.0
D0278,3876.587518,23.607386,19.632396,181.64758,5.172973,103.061501,5.0,-0.04,-50.0
D0279,3842.584861,23.859564,19.073069,178.306434,5.182034,101.604014,5.0,-0.04,-45.2
D0280,3978.174392,25.729286,20.20207,191.722263,5.692921,109.989559,5.0,-0.04,-20.7
D0281,4342.592267,28.656757,22.267134,212.569719,6.300199,126.474742,62.8,-0.0064,-3.2
D0282,4420.837898,30.373493,23.611481,223.99653,6.631661,137.058626,95.0,-0.04,-22.3
D0283,4295.232904,29.383952,22.616606,211.192131,6.097084,125.599242,62.9,-0.0246,-12.3
D0284,4207.726637,26.561985,22.033674,204.146834,5.766179,128.851581,37.1,0.0227,11.3
D0285,4403.021336,26.105222,22.126755,210.781951,5.68919,129.166822,24.5,0.0233,11.7
D0286,4388.085364,25.055205,22.411401,213.204324,5.568739,124.913781,5.0,0.0194,9.7
D0287,4299.769124,23.630472,20.908212,196.89273,5.16795,124.834413,5.4,0.0261,13.0
D0288,4328.146232,24.773368,20.984264,197.205776,5.151625,123.354439,6.2,0.0555,27.8
D0289,4381.344647,24.478964,20.368686,196.409298,5.19779,119.463474,26.3,0.0539,27.0
D0290,3844.949013,22.802008,17.329173,171.186893,4.642709,109.104588,5.0,-0.04,-29.2
D0291,3683.653382,21.579265,16.717373,161.234699,4.252795,107.477584,5.0,-0.04,-50.0
D0292,3877.87362,22.617862,17.180608,168.112052,4.368254,110.231803,5.0,-0.04,-50.0
D0293,3658.431807,20.095422,15.724813,156.683777,4.081803,102.871694,5.0,-0.04,-50.0
D0294,3323.911696,18.075955,13.67162,137.492361,3.442289,88.862284,5.0,-0.04,-50.0
D0295,3007.256173,16.88508,12.430626,127.803193,3.14748,80.531627,5.0,-0.04,-50.0
D0296,3080.630083,17.203756,12.847507,130.331904,3.237799,84.502269,5.0,-0.04,-50.0
D0297,2685.634668,15.036209,10.722411,111.066078,2.640417,72.094697,5.0,-0.04,-50.0
D0298,2543.463041,14.105673,10.12654,104.336661,2.497473,65.011576,5.0,-0.04,-50.0
D0299,2585.249107,14.051664,10.177193,107.147587,2.523108,69.513802,5.0,-0.04,-50.0
D0300,2317.420896,12.315308,8.96661,95.345663,2.277925,60.468764,5.0,-0.04,-50.0
D0301,2341.061196,13.061554,9.069867,96.088812,2.316199,62.730594,5.0,-0.04,-50.0
D0302,2340.377849,13.322239,9.517949,100.909484,2.433883,66.516788,5.0,-0.04,-50.0
D0303,2304.928619,12.713628,8.83276,94.721719,2.255133,65.614089,5.0,-0.04,-50.0
D0304,2399.99305,13.206767,9.349687,95.299615,2.308522,67.912988,5.0,-0.04,-50.0
D0305,2345.958562,12.285461,8.879976,90.539353,2.18353,63.593688,5.0,-0.04,-50.0
D0306,2315.754676,12.306288,8.748545,87.098773,2.133027,61.649161,5.0,-0.04,-50.0
D0307,2454.057615,12.759094,9.454136,93.386953,2.297156,63.059759,5.0,-0.04,-38.7
D0308,2514.609291,12.355721,9.411415,99.603746,2.29039,64.343151,5.0,-0.031,-15.5
D0309,2615.155148,12.463175,9.42615,102.208869,2.257247,64.059507,5.0,-0.04,-21.4
D0310,2548.964187,12.187251,8.940076,97.817458,2.166397,62.480062,5.0,0.009,4.5
D0311,2453.092536,12.331113,8.764946,97.429179,2.198739,56.433442,5.0,-0.0256,-12.8
D0312,2473.011496,11.846003,8.833502,92.080167,2.137278,54.311882,5.0,-0.04,-32.1
D0313,2483.23973,11.372407,8.923242,90.740848,2.106448,55.218825,5.0,-0.04,-20.5
D0314,2375.408047,11.255833,8.863708,89.371438,2.049725,53.876988,5.0,-0.04,-35.3
D0315,2485.747189,11.584783,9.398952,92.352524,2.11719,53.206454,5.0,-0.0255,-12.8
D0316,2265.878658,10.509822,8.354342,83.217918,1.870927,48.516025,5.0,-0.04,-35.3
D0317,2183.64178,10.561052,8.159461,82.111618,1.826301,49.015482,5.0,-0.04,-50.0
D0318,2212.181237,10.329641,8.434856,84.830201,1.84919,49.533806,5.0,-0.04,-50.0
D0319,2247.252275,10.418104,8.578498,86.026661,1.916367,50.154286,5.0,-0.04,-48.6
D0320,2166.575797,10.794349,8.483883,85.578007,1.861479,51.832977,12.3,-0.04,-39.3
D0321,2177.818912,10.850222,8.62217,87.726873,1.914606,54.477779,12.8,-0.04,-23.1
D0322,2313.356593,10.490232,9.004917,92.391874,2.047534,57.69359,13.6,-0.0046,-2.3
D0323,2280.976282,11.09381,9.111118,93.736831,2.037647,56.794977,27.7,-0.001,-0.5
D0324,2311.45459,11.294111,9.200357,94.246209,2.069656,55.457729,18.5,0.013,6.5
D0325,2318.168308,10.902031,9.539957,97.426697,2.13633,54.306251,37.3,0.0017,0.9
D0326,2202.16982,10.463331,9.175512,94.637332,2.002902,50.698343,28.6,0.0345,17.3
D0327,2103.410352,9.493407,8.624349,88.749938,1.850467,48.625701,5.0,0.0034,1.7
D0328,2182.776168,9.71523,8.69918,87.582907,1.865294,49.827301,5.0,0.0031,1.5
D0329,2245.664844,9.319512,8.434187,84.097041,1.820559,46.984671,5.0,-0.0262,-13.1
D0330,2201.293367,8.365871,8.305969,82.65762,1.813408,46.17651,5.0,-0.04,-20.5
D0331,2235.596904,8.180543,8.320669,82.714721,1.795945,47.818351,5.0,-0.04,-25.5
D0332,2275.653041,8.33085,8.62599,87.55758,1.893301,51.893328,22.0,-0.04,-24.1
D0333,2172.948998,7.752318,8.340592,84.52191,1.815468,48.164945,8.0,-0.04,-39.0
D0334,2223.332784,7.942855,8.218123,85.417169,1.805572,50.751513,19.2,-0.04,-34.6
D0335,2209.420387,7.595319,8.336464,87.725185,1.740932,50.43003,10.3,-0.04,-38.0
D0336,2255.719989,7.870809,8.23633,89.724071,1.727371,50.008371,42.3,-0.04,-23.1
D0337,2334.560749,8.099481,8.209292,89.618101,1.703432,50.908004,48.8,-0.0056,-2.8
D0338,2241.526994,7.940428,8.024586,87.394942,1.632107,48.036242,32.4,-0.036,-18.0
D0339,2248.455518,7.750849,7.849464,87.007952,1.659624,50.420014,30.2,-0.0113,-5.7
D0340,2354.098458,7.755393,7.877688,88.790483,1.645334,52.886808,36.7,0.0173,8.7
D0341,2320.287825,7.956598,7.980574,88.780776,1.682192,48.69392,23.3,0.0011,0.5
D0342,2312.277746,8.102567,8.13842,88.841542,1.700147,49.241428,12.8,-0.0233,-11.7
D0343,2319.841649,8.535684,8.217248,91.789278,1.698238,50.005602,16.7,0.0177,8.9
D0344,2367.966247,8.547448,8.747207,96.261308,1.786307,52.523152,28.8,0.0333,16.7
D0345,2439.115708,8.841913,8.74344,95.279295,1.814648,53.551271,30.4,0.045,22.5
D0346,2383.904159,8.673447,8.757487,93.213516,1.834583,54.54507,45.8,0.0417,20.8
D0347,2433.269431,8.704635,9.020064,95.211969,1.895115,56.67035,75.3,0.0535,26.7
D0348,2405.243825,8.651927,9.145998,95.25522,1.899723,58.536501,74.0,0.08,43.0
D0349,2435.410334,8.571018,9.136635,95.72613,1.91807,62.399989,93.5,0.08,47.3
D0350,2434.465593,8.708112,8.840506,95.141907,1.907526,61.349225,95.0,0.0711,35.6
D0351,2440.458065,8.758167,8.76342,92.923594,1.908106,60.481461,92.0,0.0775,38.8
D0352,2500.684302,9.005083,8.730917,94.866229,1.911699,60.139601,76.4,0.0757,37.9
D0353,2480.13047,9.259839,8.816268,94.689423,1.871067,61.46718,95.0,0.0688,34.4
D0354,2552.199182,8.615467,9.043862,97.247959,1.851139,63.640486,95.0,0.0503,25.2
D0355,2500.327973,8.896596,8.770658,93.945311,1.812975,61.098126,88.5,0.0253,12.6
D0356,2617.752503,9.10511,9.507174,100.554671,1.960628,65.938353,95.0,0.0697,34.9
D0357,2721.249672,9.320275,9.60149,101.927143,1.982793,68.381762,95.0,0.0672,33.6
D0358,2712.631941,9.252647,9.620376,104.046644,1.983908,68.683641,95.0,0.0629,31.5
D0359,2742.349109,9.792645,9.472244,104.266734,2.015206,65.154044,95.0,0.0417,20.9
D0360,2827.475873,10.610555,9.683508,110.125535,2.095196,68.521611,95.0,0.079,39.5
D0361,2879.940665,11.416675,9.919585,112.081717,2.191738,69.266101,95.0,0.08,50.0
D0362,2938.731014,11.558965,9.538161,107.331015,2.158733,65.999762,95.0,0.08,40.1
D0363,3194.945899,13.334956,10.66968,117.748548,2.454533,68.872558,95.0,0.08,50.0
D0364,3279.391582,13.023262,11.079993,121.598084,2.510642,65.426348,95.0,0.08,50.0
D0365,3254.54194,13.663872,10.770265,115.367683,2.385672,65.455954,95.0,0.08,50.0
D0366,3324.288162,14.436598,11.412831,118.299032,2.456854,67.737033,95.0,0.08,50.0
D0367,3321.406742,13.94991,11.198785,114.125462,2.427278,65.23457,95.0,0.08,40.4
D0368,3477.372547,14.354155,11.55806,115.397327,2.504487,68.474821,95.0,0.08,50.0
D0369,3622.124166,14.308447,12.027166,116.97308,2.609249,74.17722,95.0,0.08,50.0
D0370,3567.0281,13.699761,11.348026,110.820179,2.455078,75.812706,95.0,0.08,44.1
D0371,3822.26048,13.875099,11.505491,119.706209,2.595835,78.295914,95.0,0.08,49.8
D0372,3704.463705,13.095017,10.324976,109.859775,2.456723,77.403055,95.0,0.08,41.0
D0373,3799.427543,13.918598,10.974931,115.908792,2.503898,74.32367,95.0,0.0343,17.2
D0374,3735.922833,13.795566,10.7761,114.771288,2.5017,72.911125,95.0,0.0247,12.4
D0375,3774.403871,13.386119,10.217443,111.911215,2.446805,73.945691,95.0,0.0271,13.5
D0376,3855.55216,13.57687,10.6757,115.333297,2.485448,77.991454,95.0,0.0254,12.7
D0377,3931.011005,14.105264,10.78692,114.553016,2.533892,78.375246,95.0,0.0488,24.4
D0378,3807.87591,13.662562,10.416544,109.443221,2.442661,75.078783,95.0,0.0032,1.6
D0379,3905.687178,14.504779,10.623794,109.384971,2.500086,78.235145,95.0,-0.0049,-2.5
D0380,3794.045589,14.18399,10.782381,111.396816,2.483736,79.314581,95.0,0.0123,6.2
D0381,3738.28447,14.004432,10.482065,108.940643,2.472785,80.114948,91.9,-0.0181,-9.1
D0382,3612.541542,13.925381,10.671286,110.334891,2.51432,84.040323,95.0,0.023,11.5
D0383,3546.0757,14.111671,10.568878,110.467985,2.553657,84.015205,74.8,0.0115,5.8
D0384,3489.558171,14.492812,10.684775,109.119027,2.447783,82.085575,69.8,0.012,6.0
D0385,3410.682954,14.519578,10.405346,110.068351,2.442554,83.428099,75.3,0.0195,9.7
D0386,3395.519605,15.103394,10.810215,111.028292,2.508391,85.841921,70.9,0.0132,6.6
D0387,3566.782241,15.029707,10.794338,109.73341,2.378662,89.644455,83.4,0.0127,6.4
D0388,3206.873641,13.026072,9.911883,104.979361,2.1926,81.17971,41.1,-0.0197,-9.9
D0389,3129.732499,13.033134,9.481855,104.440117,2.172694,76.243251,18.7,-0.04,-27.1
D0390,3027.161666,12.77093,8.976391,99.859789,2.183694,72.21078,15.5,-0.04,-37.7
D0391,2985.188621,13.097659,8.780945,99.86736,2.120298,73.15037,5.0,-0.04,-36.0
D0392,2969.823584,13.258041,8.566347,97.77851,2.183813,73.963071,18.1,-0.04,-39.9
D0393,2945.160647,12.247664,8.575749,97.505757,2.19386,71.629746,7.3,-0.04,-44.9
D0394,2926.233618,12.035504,8.700459,97.831374,2.255513,70.949039,11.3,-0.04,-41.4
D0395,2892.359288,12.452419,8.779509,99.217955,2.298278,68.709822,14.6,-0.04,-41.6
D0396,2933.26628,12.118503,8.682347,98.48107,2.234967,69.041169,5.0,-0.04,-49.4
D0397,3062.163699,12.632095,8.98469,97.910307,2.284767,73.897351,10.8,-0.04,-42.2
D0398,3156.317443,13.87228,9.112234,101.143076,2.377244,77.325735,34.2,-0.0103,-5.1
D0399,3138.760249,14.26926,8.863779,98.966563,2.385063,79.620011,27.2,0.0126,6.3
D0400,3131.419295,14.708785,8.808589,98.988202,2.428777,78.731745,27.2,0.0374,18.7
D0401,3059.330742,14.791142,8.680525,95.412343,2.328659,76.53362,22.5,0.0232,11.6
D0402,3152.857454,15.332939,8.949822,100.844246,2.368242,85.027843,34.6,0.0587,29.3
D0403,3069.375302,15.363034,8.696674,99.782692,2.264917,79.333827,23.3,0.0469,23.5
D0404,2965.234653,15.176168,8.714496,98.01548,2.216924,76.045472,19.8,0.0304,15.2
D0405,3106.586418,15.67414,8.57783,96.08265,2.219515,79.475529,25.8,0.044,22.0
D0406,3219.2249,16.664662,8.907079,96.039417,2.275541,78.086887,23.4,0.0586,29.3
D0407,3145.016241,15.580056,8.669794,92.434867,2.150976,77.577454,11.4,0.014,7.0
D0408,3237.991646,16.196508,9.12642,96.28977,2.20566,80.271255,50.1,0.0107,5.3
D0409,3231.910643,16.792186,9.561753,96.643954,2.285553,84.296183,71.6,0.0273,13.7
D0410,3316.482947,16.300972,9.895963,101.052227,2.33694,86.711034,93.0,0.0407,20.3
D0411,3201.429991,16.646749,9.702854,100.802603,2.279465,89.246302,94.4,0.0578,28.9
D0412,2929.521629,15.096149,9.445074,96.876151,2.066307,84.354732,70.9,-0.0177,-8.9
D0413,2986.985978,15.144256,9.409586,96.685121,2.003022,84.800847,77.8,0.0048,2.4
D0414,3026.601448,16.254214,9.661977,97.205755,2.037662,86.058101,85.4,0.0342,17.1
D0415,3013.587617,17.07412,9.776429,99.305095,1.974223,86.363559,88.8,0.0267,13.3
D0416,3070.668456,17.325526,10.383223,103.567323,2.094443,89.865019,95.0,0.0418,20.9
D0417,3021.311106,18.186021,10.468804,105.74914,2.074414,88.289848,91.8,0.0629,31.5
D0418,3039.516511,18.439859,10.199102,103.364352,2.05036,85.668881,71.6,0.0293,14.7
D0419,2973.037489,17.967347,10.665765,100.95704,2.022565,89.457235,73.3,0.0156,7.8
D0420,3061.381684,17.398904,10.522598,101.162317,2.009747,87.18034,68.5,-0.0056,-2.8
D0421,3082.351947,17.802474,10.309245,99.024309,1.993564,85.618926,73.9,-0.0119,-5.9
D0422,3145.826644,17.650075,10.207132,97.997809,1.962858,82.559221,49.7,0.0177,8.9
D0423,3046.979351,17.250427,9.969386,94.567112,1.912663,84.00844,57.9,0.01,5.0
D0424,2997.416159,16.899958,9.815913,92.243724,1.872483,81.943787,59.1,-0.0161,-8.1
D0425,3041.022094,17.43871,9.969711,95.455128,1.921328,86.613207,64.1,-0.0002,-0.1
D0426,3003.094335,17.442851,10.122197,95.221426,1.978726,86.660713,60.3,-0.0211,-10.5
D0427,3112.394641,18.049243,10.671813,99.668381,2.057542,89.599585,84.1,0.001,0.5
D0428,3162.729537,18.041416,10.708099,100.822633,2.083241,90.394745,74.4,0.0157,7.9
D0429,3096.768772,18.653548,11.027939,103.206839,2.171195,90.910641,69.0,0.0195,9.7
D0430,3040.418319,18.985204,10.629474,99.599474,2.200193,93.03356,61.3,0.0271,13.5
D0431,3119.759699,19.155764,10.674633,104.07313,2.277018,90.493326,62.5,0.0361,18.1
D0432,3129.995367,19.090439,10.774336,103.831473,2.232732,92.877943,87.4,0.0508,25.4
D0433,3196.693547,19.918254,10.753158,104.084805,2.204289,89.491112,85.4,0.0555,27.7
D0434,3268.87046,20.132804,10.899372,106.082684,2.241994,93.344689,86.3,0.08,43.3
D0435,3248.593003,19.133154,10.176319,101.378856,2.159794,90.171422,69.5,0.0368,18.4
D0436,3200.772608,18.768524,9.684364,98.051702,2.034041,83.988445,41.3,0.005,2.5
D0437,3280.067596,19.17662,9.732861,98.310555,2.098839,81.795909,41.6,-0.0166,-8.3
D0438,3264.255551,19.395199,9.848978,98.887434,2.124089,86.069655,53.6,-0.0088,-4.4
D0439,3118.940112,19.353339,9.459778,98.750862,2.080063,85.184698,44.5,-0.0288,-14.4
D0440,3057.325836,18.909971,9.051074,94.671134,2.030023,83.677315,40.1,-0.04,-21.8
D0441,2977.662187,18.576166,8.674171,89.377465,1.971452,82.982338,35.1,-0.04,-30.2
D0442,2927.624262,18.434209,8.669481,91.563646,2.009967,82.401876,39.8,-0.04,-32.3
D0443,2882.069054,19.371007,8.732054,90.845618,1.944559,82.14088,43.9,-0.04,-30.6
D0444,2980.98413,20.45954,8.915128,92.154239,1.97206,82.64814,57.6,-0.04,-31.6
D0445,2963.57437,21.344322,9.128586,93.739188,1.954913,87.869633,56.5,-0.0232,-11.6
D0446,3028.597234,21.142374,9.036929,91.670117,2.004483,92.130218,60.5,0.0146,7.3
D0447,3106.25903,20.512393,8.802675,91.125585,2.007376,90.679679,44.3,0.0061,3.0
D0448,3039.406029,20.118966,8.128548,84.913717,1.864959,87.080298,27.3,-0.0342,-17.1
D0449,3215.960104,21.013258,8.99475,89.660891,1.979505,93.193559,41.8,0.0142,7.1
D0450,3114.789062,19.692521,8.649636,84.615108,1.898352,83.478672,20.9,-0.0118,-5.9
D0451,3052.296302,19.1246,8.386657,84.717466,1.912892,82.145714,14.8,-0.0062,-3.1
D0452,3128.445086,19.346575,8.762159,88.280949,1.937,85.411001,21.5,0.0124,6.2
D0453,3092.192169,17.974595,8.488437,88.648988,1.90321,81.408492,13.0,-0.0092,-4.6
D0454,3122.680165,17.995951,8.663439,89.618679,1.937983,84.678221,12.0,-0.0092,-4.6
D0455,3165.653986,19.342745,9.002454,91.108176,2.019892,89.908572,37.2,-0.0007,-0.4
D0456,3157.420776,18.563904,8.788334,91.148059,1.976609,87.635714,45.3,-0.0229,-11.4
D0457,2962.476013,18.858754,8.392791,85.821272,1.854114,84.73432,32.7,-0.0382,-19.1
D0458,2987.742814,17.771263,8.682332,84.925833,1.875163,81.357732,21.0,-0.0214,-10.7
D0459,2922.038673,17.27322,8.687826,83.694342,1.876242,84.940669,28.2,-0.04,-26.9
D0460,2893.717827,17.39022,8.681803,85.74141,1.938608,88.159703,42.4,-0.0026,-1.3
D0461,2889.314272,17.120128,8.852349,87.708993,2.039093,90.199038,56.0,0.0177,8.8
D0462,2747.292467,16.631402,8.317783,85.764437,1.936272,89.267345,46.2,-0.0192,-9.6
D0463,2711.399591,16.726303,8.356925,86.563538,1.962683,91.666441,50.0,0.0092,4.6
D0464,2700.790632,17.351135,7.921493,85.562547,2.00144,83.695844,32.6,-0.0239,-11.9
D0465,2706.612906,18.539112,8.189578,88.47111,2.157434,86.470055,35.2,-0.0271,-13.5
D0466,2691.833415,17.859511,8.062831,87.977044,2.208453,81.715358,22.6,-0.0296,-14.8
D0467,2597.282352,17.269385,7.9468,85.635723,2.059603,78.371642,14.9,-0.0296,-14.8
D0468,2677.030619,17.934797,8.642813,92.006704,2.212139,76.676943,38.4,-0.0005,-0.2
D0469,2581.028228,17.552571,8.793576,90.938439,2.135969,71.576921,9.7,-0.024,-12.0
D0470,2544.595741,17.704342,8.786864,90.711765,2.138851,69.062827,26.4,-0.04,-20.9
D0471,2505.965305,17.927986,8.50039,87.751609,2.148225,68.262325,27.6,-0.04,-29.0
D0472,2367.128731,16.603284,7.946297,82.88556,2.127273,67.729247,7.5,-0.04,-31.3
D0473,2447.407318,17.528308,8.423241,86.254057,2.211028,72.389258,32.8,-0.04,-20.4
D0474,2405.992252,17.321303,8.188445,81.942077,2.155488,69.703126,17.7,-0.0382,-19.1
D0475,2371.064361,16.044033,7.551602,79.908862,1.993998,67.01022,5.0,-0.04,-43.8
D0476,2336.084773,15.772312,7.683158,79.986747,2.004166,62.939751,5.0,-0.04,-42.6
D0477,2276.121976,15.084689,7.68496,80.324124,2.004148,60.962514,5.0,-0.04,-37.6
D0478,2370.808679,14.749036,8.370196,82.276993,2.052617,62.959254,9.3,-0.04,-38.0
D0479,2425.45713,15.150867,8.288463,82.667513,2.097387,64.907497,12.6,-0.04,-24.0
D0480,2528.911573,15.461281,8.515782,86.969443,2.182376,69.563537,20.0,-0.0153,-7.7
D0481,2458.810706,15.53847,8.359772,84.512664,2.127083,71.332314,13.7,-0.0111,-5.5
D0482,2402.683415,15.3164,8.09377,80.003732,2.008663,69.282138,12.8,-0.008,-4.0
D0483,2306.511351,14.530786,7.985752,78.060515,1.942679,67.861403,5.0,-0.04,-27.1
D0484,2335.207086,14.732127,8.023772,78.676918,1.929137,67.568727,11.6,-0.036,-18.0
D0485,2182.265686,13.775737,7.604925,73.398893,1.796695,62.229505,5.0,-0.04,-23.3
D0486,2198.43071,13.583308,7.712028,75.972714,1.823783,64.203804,5.0,-0.0249,-12.4
D0487,2165.742734,12.672946,7.402264,73.501967,1.712342,62.869329,5.0,-0.0353,-17.6
D0488,2307.330597,13.104689,7.595547,76.428077,1.791212,67.655286,5.0,-0.0233,-11.7
D0489,2389.867672,13.552591,7.946966,78.369817,1.820086,69.942788,16.8,-0.0154,-7.7
D0490,2524.724633,15.241949,8.487447,85.325013,2.014077,74.082432,43.0,0.0024,1.2
D0491,2467.111185,14.644617,8.193597,81.817605,1.940752,72.744549,37.5,-0.0127,-6.3
D0492,2479.813844,15.823721,8.263976,83.929258,1.960608,73.430928,56.4,0.0204,10.2
D0493,2564.976452,16.358877,8.447226,86.334622,1.96432,77.06571,49.9,0.0593,29.6
D0494,2631.383145,15.929434,8.512813,88.579472,2.019592,79.734905,65.9,0.0701,35.0
D0495,2702.705633,16.181826,8.636813,90.445954,2.07279,80.904199,90.4,0.08,50.0
D0496,2808.786488,17.676251,8.744335,91.87811,2.192236,83.211589,95.0,0.08,50.0
D0497,2831.049364,17.783613,8.837044,90.000622,2.184053,86.48405,95.0,0.08,50.0
D0498,2748.489481,16.75155,8.293364,84.293502,2.053959,80.752247,90.4,0.08,50.0
D0499,2671.678094,16.636531,8.08362,82.165016,2.010666,75.732012,71.4,0.057,28.5
D0500,2688.152869,16.746382,7.976851,81.155245,1.998474,72.176238,50.1,-0.0022,-1.1
D0501,2794.971432,17.707958,8.399651,81.855086,2.084889,70.990399,58.8,0.0297,14.9
D0502,2792.95186,17.416019,8.184251,81.754383,2.030937,67.170284,61.0,0.0002,0.1
D0503,2706.278879,15.920406,7.81424,78.034718,1.89609,64.827381,53.7,-0.04,-23.8
D0504,2781.791031,15.859161,7.967552,80.526823,1.928967,63.447522,54.7,-0.04,-27.4
D0505,2749.844914,15.336388,7.969708,82.042288,1.969316,66.024578,82.5,-0.04,-29.4
D0506,2709.829183,15.551694,8.135476,85.878662,2.018625,64.031825,77.4,-0.04,-38.7
D0507,2688.54515,16.130313,8.103251,86.633123,1.980291,67.100651,95.0,-0.04,-37.8
D0508,2638.253696,15.404073,7.708829,84.993102,1.940162,68.090642,72.4,-0.04,-26.1
D0509,2524.657222,14.873477,7.57939,83.11197,1.9141,66.741825,53.8,-0.04,-22.8
D0510,2602.348502,14.901532,7.809708,85.114796,1.963233,68.051712,36.5,-0.0233,-11.6
D0511,2423.859465,13.613625,7.442928,80.078161,1.937103,62.708306,26.1,-0.04,-35.5
D0512,2405.853395,13.933828,7.256973,76.881164,1.925422,62.138741,17.1,-0.04,-31.0
D0513,2372.420785,13.761045,7.103376,75.342158,1.947618,66.259268,11.8,-0.0261,-13.0
D0514,2342.104128,14.19788,6.906535,74.861234,1.955535,67.087134,7.4,-0.0275,-13.7
D0515,2356.194553,13.85564,7.068194,75.558514,1.959347,65.625213,5.0,-0.0369,-18.5
D0516,2427.067758,14.801107,7.330118,78.167785,2.002625,72.58103,6.6,-0.0046,-2.3
D0517,2538.064151,14.625371,7.174856,77.215487,2.048992,73.845641,5.3,-0.0094,-4.7
D0518,2605.131232,14.632121,6.955682,76.69898,2.044818,74.634021,23.1,0.0018,0.9
D0519,2764.371267,15.206565,7.312188,81.367564,2.192394,76.813731,48.2,0.0457,22.8
D0520,2899.916742,16.301291,7.67583,84.250364,2.416057,83.589901,77.4,0.0777,38.8
D0521,2870.699178,15.646021,7.649107,81.61071,2.396293,79.961557,60.5,0.08,50.0
D0522,2936.779879,15.688778,7.955243,85.433874,2.467503,80.34565,76.5,0.08,50.0
D0523,3036.370465,15.931497,8.391389,90.138031,2.643331,84.399587,95.0,0.08,50.0
D0524,2778.122011,15.371381,8.265351,85.115164,2.398529,81.638324,91.2,0.08,50.0
D0525,2843.224689,16.323059,8.633867,87.434506,2.393643,83.866795,95.0,0.08,50.0
D0526,2764.887433,15.588893,8.580092,84.68466,2.257174,82.583471,86.3,0.0732,36.6
D0527,2778.726249,15.741217,8.712837,86.021465,2.285657,83.8358,85.0,0.0761,38.1
D0528,2650.411552,15.549154,8.438917,84.906095,2.140931,84.290764,83.8,0.0613,30.6
D0529,2689.906133,15.976732,8.497634,86.002095,2.150196,86.022753,95.0,0.0415,20.7
D0530,2709.313203,16.545509,8.457338,86.189726,2.123613,86.71488,92.8,0.0023,1.1
D0531,2768.502461,17.462161,9.008512,90.283841,2.215654,90.460996,95.0,0.0476,23.8
D0532,2773.302993,17.209329,8.592728,88.416575,2.122303,88.208466,95.0,0.019,9.5
D0533,2756.28412,16.656011,8.557395,87.550796,2.161514,81.271537,95.0,-0.0289,-14.5
D0534,2771.499064,16.648917,8.837465,88.92244,2.206942,79.907396,95.0,0.0033,1.7
D0535,2734.116694,16.87514,8.536288,85.859239,2.179682,83.447286,95.0,-0.0112,-5.6
D0536,2602.497554,16.110163,8.550867,85.719083,2.168747,84.016428,88.7,-0.0006,-0.3
D0537,2571.08634,15.743717,8.353697,87.036916,2.1455,86.240152,86.4,-0.007,-3.5
D0538,2644.651982,16.34804,8.588108,87.724969,2.271037,87.453021,95.0,0.0209,10.5
D0539,2698.207849,16.750401,8.897052,88.468829,2.363926,89.400436,87.3,0.0266,13.3
